-- MySQL dump 10.13  Distrib 8.0.42, for Linux (x86_64)
--
-- Host: 127.0.0.1    Database: cms
-- ------------------------------------------------------
-- Server version	8.0.42-0ubuntu0.22.04.2

/*!40101 SET @OLD_CHARACTER_SET_CLIENT=@@CHARACTER_SET_CLIENT */;
/*!40101 SET @OLD_CHARACTER_SET_RESULTS=@@CHARACTER_SET_RESULTS */;
/*!40101 SET @OLD_COLLATION_CONNECTION=@@COLLATION_CONNECTION */;
/*!50503 SET NAMES utf8mb4 */;
/*!40103 SET @OLD_TIME_ZONE=@@TIME_ZONE */;
/*!40103 SET TIME_ZONE='+00:00' */;
/*!40014 SET @OLD_UNIQUE_CHECKS=@@UNIQUE_CHECKS, UNIQUE_CHECKS=0 */;
/*!40014 SET @OLD_FOREIGN_KEY_CHECKS=@@FOREIGN_KEY_CHECKS, FOREIGN_KEY_CHECKS=0 */;
/*!40101 SET @OLD_SQL_MODE=@@SQL_MODE, SQL_MODE='NO_AUTO_VALUE_ON_ZERO' */;
/*!40111 SET @OLD_SQL_NOTES=@@SQL_NOTES, SQL_NOTES=0 */;

--
-- Table structure for table `companies`
--

DROP TABLE IF EXISTS `companies`;
/*!40101 SET @saved_cs_client     = @@character_set_client */;
/*!50503 SET character_set_client = utf8mb4 */;
CREATE TABLE `companies` (
  `id` int NOT NULL AUTO_INCREMENT,
  `title` varchar(255) COLLATE utf8mb4_general_ci DEFAULT NULL,
  `nickname` varchar(255) COLLATE utf8mb4_general_ci DEFAULT NULL,
  `created_at` datetime DEFAULT NULL,
  `updated_at` datetime DEFAULT NULL,
  PRIMARY KEY (`id`)
) ENGINE=InnoDB AUTO_INCREMENT=14 DEFAULT CHARSET=utf8mb4 COLLATE=utf8mb4_general_ci;
/*!40101 SET character_set_client = @saved_cs_client */;

--
-- Dumping data for table `companies`
--

LOCK TABLES `companies` WRITE;
/*!40000 ALTER TABLE `companies` DISABLE KEYS */;
INSERT INTO `companies` VALUES (1,'JMS Garments LTD','JMS','2023-08-12 05:03:54','2023-08-12 05:06:06'),(2,'Modiste (CEPZ) LTD','MCL','2023-08-12 05:04:38','2023-08-12 05:04:38'),(3,'Modiste (Bangladesh) LTD','MBL','2023-08-12 05:05:05','2023-08-12 05:05:05'),(4,'Head Office','HO','2023-12-09 14:14:32','2023-12-09 14:14:32'),(5,'International Trade Agency (ITA)','ITA','2024-04-29 10:21:46','2024-04-29 10:21:46');
/*!40000 ALTER TABLE `companies` ENABLE KEYS */;
UNLOCK TABLES;

--
-- Table structure for table `departments`
--

DROP TABLE IF EXISTS `departments`;
/*!40101 SET @saved_cs_client     = @@character_set_client */;
/*!50503 SET character_set_client = utf8mb4 */;
CREATE TABLE `departments` (
  `id` int NOT NULL AUTO_INCREMENT,
  `title` varchar(255) COLLATE utf8mb4_general_ci DEFAULT NULL,
  `created_at` datetime DEFAULT NULL,
  `updated_at` datetime DEFAULT NULL,
  PRIMARY KEY (`id`)
) ENGINE=InnoDB AUTO_INCREMENT=33 DEFAULT CHARSET=utf8mb4 COLLATE=utf8mb4_general_ci;
/*!40101 SET character_set_client = @saved_cs_client */;

--
-- Dumping data for table `departments`
--

LOCK TABLES `departments` WRITE;
/*!40000 ALTER TABLE `departments` DISABLE KEYS */;
INSERT INTO `departments` VALUES (4,'Accounts & Finance','2023-08-09 06:58:38','2023-08-09 07:05:05'),(5,'Audit','2023-08-09 06:58:45','2023-08-09 06:58:45'),(6,'Commercial','2023-08-09 06:58:54','2023-08-09 06:58:54'),(7,'HR','2023-08-09 06:59:02','2023-08-09 06:59:02'),(8,'Administration','2023-08-09 06:59:09','2023-08-09 06:59:09'),(9,'Management','2023-08-09 06:59:17','2023-08-09 06:59:17'),(10,'IT','2023-08-09 06:59:24','2023-08-09 06:59:24'),(11,'Marketing','2023-08-09 06:59:31','2023-08-09 06:59:31'),(12,'Production','2023-08-09 06:59:38','2023-08-09 06:59:38'),(13,'Electric','2023-08-09 06:59:44','2023-08-09 06:59:44'),(15,'New Dept','2023-08-22 10:00:54','2023-08-22 10:00:54'),(16,'Merchandising','2023-12-09 10:45:06','2023-12-09 10:45:06'),(18,'Sample','2023-12-09 11:42:25','2023-12-09 11:42:25'),(19,'Development','2023-12-10 10:57:28','2023-12-10 10:57:28'),(20,'Finishing','2024-01-25 15:58:07','1900-01-25 15:58:17'),(21,'Store','2024-01-27 14:00:19','2024-01-27 14:00:19'),(22,'Cutting','2024-01-30 10:13:36','2024-01-30 10:13:36'),(23,'Sewing','2024-01-30 10:16:21','2024-01-30 10:16:21'),(24,'Embroidery','2024-01-30 11:26:15','2024-01-30 11:26:15'),(25,'Planing','2024-03-19 13:49:16','2024-03-19 13:49:16'),(26,'Maintenance','2024-04-03 10:51:58','2024-04-03 10:51:58'),(27,'Purchase','2024-04-07 11:46:45','2024-04-07 11:46:45'),(28,'Washing','2024-07-08 10:02:22','2024-07-08 10:02:22'),(29,'Ita',NULL,NULL),(30,'Quality',NULL,NULL),(31,'Construction',NULL,NULL),(32,'Compliance',NULL,NULL);
/*!40000 ALTER TABLE `departments` ENABLE KEYS */;
UNLOCK TABLES;

--
-- Table structure for table `designations`
--

DROP TABLE IF EXISTS `designations`;
/*!40101 SET @saved_cs_client     = @@character_set_client */;
/*!50503 SET character_set_client = utf8mb4 */;
CREATE TABLE `designations` (
  `id` int NOT NULL AUTO_INCREMENT,
  `title` varchar(255) COLLATE utf8mb4_general_ci DEFAULT NULL,
  `created_at` datetime DEFAULT NULL,
  `updated_at` datetime DEFAULT NULL,
  PRIMARY KEY (`id`)
) ENGINE=InnoDB AUTO_INCREMENT=43 DEFAULT CHARSET=utf8mb4 COLLATE=utf8mb4_general_ci;
/*!40101 SET character_set_client = @saved_cs_client */;

--
-- Dumping data for table `designations`
--

LOCK TABLES `designations` WRITE;
/*!40000 ALTER TABLE `designations` DISABLE KEYS */;
INSERT INTO `designations` VALUES (1,'Manager','2023-08-09 07:23:16','2023-08-12 05:49:58'),(2,'Assistant Manager','2023-08-12 05:50:15','2023-08-12 05:50:15'),(3,'Programmer','2023-08-13 04:49:29','2023-08-13 04:49:29'),(4,'Graphics Designer','2023-08-13 04:49:45','2023-08-13 04:49:45'),(5,'Designer','2023-08-14 05:30:10','2023-08-14 05:30:10'),(6,'Assistant Accountant','2023-08-22 10:17:03','2023-08-22 10:17:03'),(7,'Programmer','2023-09-09 09:57:27','2023-09-09 09:57:27'),(8,'Asst. Merchandiser','2023-12-09 10:45:28','2023-12-09 10:45:28'),(9,'Merchandiser','2023-12-09 11:02:11','2023-12-09 11:02:11'),(10,'Store Executive','2023-12-09 11:43:06','2023-12-09 11:43:06'),(11,'Sr. Merchandiser','2023-12-10 10:21:09','2023-12-10 10:21:09'),(12,'Managing Director','2024-01-27 16:56:42','2024-01-27 16:56:42'),(13,'Store Assistant','2024-01-29 10:17:36','2024-01-29 10:17:36'),(14,'Jr Operator','2024-01-29 10:19:33','2024-01-29 10:19:33'),(15,'Quality Controller','2024-01-29 10:21:54','2024-01-29 10:21:54'),(17,'Finishing QAD','2024-01-29 10:51:24','2024-01-29 10:51:24'),(18,'Cutting Incharge','2024-01-30 10:14:15','2024-01-30 10:14:15'),(19,'Sewing Incharge','2024-01-30 10:16:40','2024-01-30 10:16:40'),(20,'Finishing Incharge','2024-01-30 10:20:39','2024-01-30 10:20:39'),(21,'Embroidery Incharge','2024-01-30 11:26:34','2024-01-30 11:26:34'),(22,'Sample Incharge','2024-01-30 11:32:43','2024-01-30 11:32:43'),(23,'Asst. General Manager','2024-02-01 12:16:36','2024-02-01 12:16:36'),(24,'Sr. Executive','2024-02-05 18:43:46','2024-02-05 18:43:46'),(25,'Deputy General Manager','2024-02-08 12:25:40','2024-02-08 12:25:40'),(26,'General Manager','2024-02-08 12:34:07','2024-02-08 12:34:07'),(27,'Jr. Executive','2024-04-07 10:02:54','2024-04-07 10:02:54'),(29,'Factory Incharge','2024-04-20 12:50:31','2024-04-20 12:50:31'),(30,'Receptionist','2024-04-24 15:29:29','2024-04-24 15:29:29'),(31,'Executive','2024-04-28 11:03:26','2024-04-28 11:03:26'),(32,'Store Keeper','2024-05-05 14:34:29','2024-05-05 14:34:29'),(33,'Officer','2024-05-05 15:09:23','2024-05-05 15:09:23'),(34,'SubStore Assistant','2024-06-01 10:42:09','2024-06-01 10:42:09'),(35,'Executive Director','2024-06-09 16:43:17','2024-06-09 16:43:17'),(36,'Director','2024-06-09 16:45:52','2024-06-09 16:45:52'),(37,'Washing Incharge','2024-07-08 10:04:50','2024-07-08 10:04:50'),(38,'Chairman',NULL,NULL),(39,'Others',NULL,NULL),(40,'Driver',NULL,NULL),(41,'Security Incharge',NULL,NULL),(42,'Assistant Engineer',NULL,NULL);
/*!40000 ALTER TABLE `designations` ENABLE KEYS */;
UNLOCK TABLES;

--
-- Table structure for table `failed_jobs`
--

DROP TABLE IF EXISTS `failed_jobs`;
/*!40101 SET @saved_cs_client     = @@character_set_client */;
/*!50503 SET character_set_client = utf8mb4 */;
CREATE TABLE `failed_jobs` (
  `id` bigint unsigned NOT NULL AUTO_INCREMENT,
  `uuid` varchar(255) COLLATE utf8mb4_unicode_ci NOT NULL,
  `connection` text COLLATE utf8mb4_unicode_ci NOT NULL,
  `queue` text COLLATE utf8mb4_unicode_ci NOT NULL,
  `payload` longtext COLLATE utf8mb4_unicode_ci NOT NULL,
  `exception` longtext COLLATE utf8mb4_unicode_ci NOT NULL,
  `failed_at` timestamp NOT NULL DEFAULT CURRENT_TIMESTAMP,
  PRIMARY KEY (`id`),
  UNIQUE KEY `failed_jobs_uuid_unique` (`uuid`)
) ENGINE=InnoDB DEFAULT CHARSET=utf8mb4 COLLATE=utf8mb4_unicode_ci;
/*!40101 SET character_set_client = @saved_cs_client */;

--
-- Dumping data for table `failed_jobs`
--

LOCK TABLES `failed_jobs` WRITE;
/*!40000 ALTER TABLE `failed_jobs` DISABLE KEYS */;
/*!40000 ALTER TABLE `failed_jobs` ENABLE KEYS */;
UNLOCK TABLES;

--
-- Table structure for table `migrations`
--

DROP TABLE IF EXISTS `migrations`;
/*!40101 SET @saved_cs_client     = @@character_set_client */;
/*!50503 SET character_set_client = utf8mb4 */;
CREATE TABLE `migrations` (
  `id` int unsigned NOT NULL AUTO_INCREMENT,
  `migration` varchar(255) COLLATE utf8mb4_unicode_ci NOT NULL,
  `batch` int NOT NULL,
  PRIMARY KEY (`id`)
) ENGINE=InnoDB AUTO_INCREMENT=7 DEFAULT CHARSET=utf8mb4 COLLATE=utf8mb4_unicode_ci;
/*!40101 SET character_set_client = @saved_cs_client */;

--
-- Dumping data for table `migrations`
--

LOCK TABLES `migrations` WRITE;
/*!40000 ALTER TABLE `migrations` DISABLE KEYS */;
INSERT INTO `migrations` VALUES (1,'2014_10_12_000000_create_users_table',1),(2,'2014_10_12_100000_create_password_resets_table',1),(3,'2019_08_19_000000_create_failed_jobs_table',1),(4,'2019_12_14_000001_create_personal_access_tokens_table',1),(5,'2025_07_28_043544_create_numbers_table',2),(6,'2025_07_28_054819_create_staffs_table',3);
/*!40000 ALTER TABLE `migrations` ENABLE KEYS */;
UNLOCK TABLES;

--
-- Table structure for table `number_histories`
--

DROP TABLE IF EXISTS `number_histories`;
/*!40101 SET @saved_cs_client     = @@character_set_client */;
/*!50503 SET character_set_client = utf8mb4 */;
CREATE TABLE `number_histories` (
  `id` bigint unsigned NOT NULL AUTO_INCREMENT,
  `number_id` bigint unsigned NOT NULL,
  `staff_id` bigint unsigned NOT NULL,
  `staff_name` varchar(255) COLLATE utf8mb4_unicode_ci DEFAULT NULL,
  `start_date` date NOT NULL,
  `end_date` date DEFAULT NULL,
  `created_at` timestamp NULL DEFAULT NULL,
  `updated_at` timestamp NULL DEFAULT NULL,
  PRIMARY KEY (`id`),
  KEY `number_histories_number_id_foreign` (`number_id`),
  CONSTRAINT `number_histories_number_id_foreign` FOREIGN KEY (`number_id`) REFERENCES `numbers` (`id`) ON DELETE CASCADE
) ENGINE=InnoDB AUTO_INCREMENT=113 DEFAULT CHARSET=utf8mb4 COLLATE=utf8mb4_unicode_ci;
/*!40101 SET character_set_client = @saved_cs_client */;

--
-- Dumping data for table `number_histories`
--

LOCK TABLES `number_histories` WRITE;
/*!40000 ALTER TABLE `number_histories` DISABLE KEYS */;
INSERT INTO `number_histories` VALUES (1,70,271,'Mohammad Arman','2025-08-06',NULL,'2025-08-06 11:05:59','2025-08-06 11:05:59'),(2,158,3,'Md. Shahed Kaiser','2025-08-01',NULL,'2025-08-07 07:07:47','2025-08-07 07:07:47'),(3,48,4,'Md Abu Bakar Siddique (Jiko)','2025-08-01',NULL,'2025-08-07 07:07:47','2025-08-07 07:07:47'),(4,58,15,'Md. Nwimul Hasan','2025-08-01',NULL,'2025-08-07 07:07:47','2025-08-07 07:07:47'),(5,57,18,'Misbah Uddin Md. Faruk','2025-08-01',NULL,'2025-08-07 07:07:47','2025-08-07 07:07:47'),(6,64,21,'Abu Bakar Siddique (Bappy)','2025-08-01',NULL,'2025-08-07 07:07:47','2025-08-07 07:07:47'),(7,53,27,'Sajedur Rahman','2025-08-01',NULL,'2025-08-07 07:07:47','2025-08-07 07:07:47'),(8,87,30,'Ahammad Ullah','2025-08-01',NULL,'2025-08-07 07:07:47','2025-08-07 07:07:47'),(9,56,32,'Md. Fazlay Rabbi','2025-08-01',NULL,'2025-08-07 07:07:47','2025-08-07 07:07:47'),(10,1,34,'Mustafa Mahmud','2025-08-01',NULL,'2025-08-07 07:07:47','2025-08-07 07:07:47'),(11,31,48,'Rezaul Amin Forman','2025-08-01',NULL,'2025-08-07 07:07:47','2025-08-07 07:07:47'),(12,27,49,'Kayes Mahmud','2025-08-01',NULL,'2025-08-07 07:07:47','2025-08-07 07:07:47'),(13,45,50,'Sajib Das','2025-08-01',NULL,'2025-08-07 07:07:47','2025-08-07 07:07:47'),(14,10,52,'Aziz Uddin Ahammed','2025-08-01',NULL,'2025-08-07 07:07:47','2025-08-07 07:07:47'),(15,85,53,'Md. Lokman Mia','2025-08-01',NULL,'2025-08-07 07:07:47','2025-08-07 07:07:47'),(16,72,54,'Muhammad Najmus Sakib Siraj','2025-08-01',NULL,'2025-08-07 07:07:47','2025-08-07 07:07:47'),(17,73,55,'Md.Shafiqul Islam','2025-08-01',NULL,'2025-08-07 07:07:47','2025-08-07 07:07:47'),(18,83,57,'Abdul Hafiz','2025-08-01',NULL,'2025-08-07 07:07:47','2025-08-07 07:07:47'),(19,75,58,'Md Omar Faruk','2025-08-01',NULL,'2025-08-07 07:07:47','2025-08-07 07:07:47'),(20,80,59,'Salauddin Sakib','2025-08-01',NULL,'2025-08-07 07:07:47','2025-08-07 07:07:47'),(21,29,63,'Muhammad Naim Uddin','2025-08-01',NULL,'2025-08-07 07:07:47','2025-08-07 07:07:47'),(22,112,65,'Asif Ekram','2025-08-01',NULL,'2025-08-07 07:07:47','2025-08-07 07:07:47'),(23,104,67,'Golam Mostafa','2025-08-01',NULL,'2025-08-07 07:07:47','2025-08-07 07:07:47'),(24,34,151,'Md. Abu Hanif','2025-08-01',NULL,'2025-08-07 07:07:47','2025-08-07 07:07:47'),(25,39,153,'Md. Toaha Bin Amin','2025-08-01',NULL,'2025-08-07 07:07:47','2025-08-07 07:07:47'),(26,36,154,'Abu Jafor Md. Yousuf','2025-08-01',NULL,'2025-08-07 07:07:47','2025-08-07 07:07:47'),(27,38,155,'Md. Joinul Alam Morshed','2025-08-01',NULL,'2025-08-07 07:07:47','2025-08-07 07:07:47'),(28,37,156,'Shariar Kayum','2025-08-01',NULL,'2025-08-07 07:07:47','2025-08-07 07:07:47'),(29,24,157,'Palash Das','2025-08-01',NULL,'2025-08-07 07:07:47','2025-08-07 07:07:47'),(30,15,160,'Md. Ala Uddin','2025-08-01',NULL,'2025-08-07 07:07:47','2025-08-07 07:07:47'),(31,19,161,'Supon Mazumder','2025-08-01',NULL,'2025-08-07 07:07:47','2025-08-07 07:07:47'),(32,13,162,'Rezaul Amin','2025-08-01',NULL,'2025-08-07 07:07:47','2025-08-07 07:07:47'),(33,25,164,'Md. Monir Uddin','2025-08-01',NULL,'2025-08-07 07:07:47','2025-08-07 07:07:47'),(34,21,165,'Md. Whidul Islam','2025-08-01',NULL,'2025-08-07 07:07:47','2025-08-07 07:07:47'),(35,20,166,'Md. Anayet-e-rabbi','2025-08-01',NULL,'2025-08-07 07:07:47','2025-08-07 07:07:47'),(36,3,168,'K. A. Millad','2025-08-01',NULL,'2025-08-07 07:07:47','2025-08-07 07:07:47'),(37,5,169,'Md. Mujibul Hoque Dewan','2025-08-01',NULL,'2025-08-07 07:07:47','2025-08-07 07:07:47'),(38,26,170,'Saief Md. Mainul Hasan','2025-08-01',NULL,'2025-08-07 07:07:47','2025-08-07 07:07:47'),(39,79,174,'Raiwatul Labib','2025-08-01',NULL,'2025-08-07 07:07:47','2025-08-07 07:07:47'),(40,22,190,'Pijush Chowdhury','2025-08-01',NULL,'2025-08-07 07:07:47','2025-08-07 07:07:47'),(41,163,192,'Md. Shah Newaz Rajin','2025-08-01',NULL,'2025-08-07 07:07:47','2025-08-07 07:07:47'),(42,52,193,'Didarul Alam','2025-08-01',NULL,'2025-08-07 07:07:47','2025-08-07 07:07:47'),(43,44,195,'Md. Shomrat Hossain','2025-08-01',NULL,'2025-08-07 07:07:47','2025-08-07 07:07:47'),(44,16,196,'Md Salauddin Aziz','2025-08-01',NULL,'2025-08-07 07:07:47','2025-08-07 07:07:47'),(45,17,199,'Mohammed Abu Jaher','2025-08-01',NULL,'2025-08-07 07:07:47','2025-08-07 07:07:47'),(46,18,200,'Burhan Uddin','2025-08-01',NULL,'2025-08-07 07:07:47','2025-08-07 07:07:47'),(47,23,201,'Abu Naser Md. Yasin','2025-08-01',NULL,'2025-08-07 07:07:47','2025-08-07 07:07:47'),(48,28,202,'Md. Arifur Rahman','2025-08-01',NULL,'2025-08-07 07:07:47','2025-08-07 07:07:47'),(49,30,203,'MD. Shah Emran Hossain','2025-08-01',NULL,'2025-08-07 07:07:47','2025-08-07 07:07:47'),(50,32,204,'Md. Torikul Alam Sujan','2025-08-01',NULL,'2025-08-07 07:07:47','2025-08-07 07:07:47'),(51,33,205,'Md. Salauddin','2025-08-01',NULL,'2025-08-07 07:07:47','2025-08-07 07:07:47'),(52,35,206,'Md. Mhamood-Un-Nabi','2025-08-01',NULL,'2025-08-07 07:07:47','2025-08-07 07:07:47'),(53,40,207,'Md. Abu Saleh','2025-08-01',NULL,'2025-08-07 07:07:47','2025-08-07 07:07:47'),(54,41,208,'Abdul Kader Mehedi','2025-08-01',NULL,'2025-08-07 07:07:47','2025-08-07 07:07:47'),(55,81,211,'Jahangir Alam','2025-08-01',NULL,'2025-08-07 07:07:47','2025-08-07 07:07:47'),(56,2,212,'Homaira Shams','2025-08-01',NULL,'2025-08-07 07:07:47','2025-08-07 07:07:47'),(57,4,213,'Shariful Alam','2025-08-01',NULL,'2025-08-07 07:07:47','2025-08-07 07:07:47'),(58,6,214,'Fahima Akhter','2025-08-01',NULL,'2025-08-07 07:07:47','2025-08-07 07:07:47'),(59,7,215,'Mrs. Mourtoza ali','2025-08-01',NULL,'2025-08-07 07:07:47','2025-08-07 07:07:47'),(60,12,216,'Md. Nazim Uddin','2025-08-01',NULL,'2025-08-07 07:07:47','2025-08-07 07:07:47'),(61,50,217,'Shahariar Karim','2025-08-01',NULL,'2025-08-07 07:07:47','2025-08-07 07:07:47'),(62,66,218,'Md. Rana','2025-08-01',NULL,'2025-08-07 07:07:47','2025-08-07 07:07:47'),(63,71,219,'Alamgir Hosain','2025-08-01',NULL,'2025-08-07 07:07:47','2025-08-07 07:07:47'),(64,74,220,'Gazi Mahbub Hasan','2025-08-01',NULL,'2025-08-07 07:07:47','2025-08-07 07:07:47'),(65,89,221,'Masum Billah','2025-08-01',NULL,'2025-08-07 07:07:47','2025-08-07 07:07:47'),(66,164,222,'Rajib Kumar Mandal','2025-08-01',NULL,'2025-08-07 07:07:47','2025-08-07 07:07:47'),(67,90,223,'Salamat Ullah','2025-08-01',NULL,'2025-08-07 07:07:47','2025-08-07 07:07:47'),(68,91,224,'Pijush Kanti Barua','2025-08-01',NULL,'2025-08-07 07:07:47','2025-08-07 07:07:47'),(69,92,225,'Nabab Uddin Faruque','2025-08-01',NULL,'2025-08-07 07:07:47','2025-08-07 07:07:47'),(70,93,226,'Mohiuddin','2025-08-01',NULL,'2025-08-07 07:07:47','2025-08-07 07:07:47'),(71,94,227,'Rasel Mohamad Farhad','2025-08-01',NULL,'2025-08-07 07:07:47','2025-08-07 07:07:47'),(72,95,228,'Mizanur Rahman','2025-08-01',NULL,'2025-08-07 07:07:47','2025-08-07 07:07:47'),(73,97,229,'Md. Abdus Samad','2025-08-01',NULL,'2025-08-07 07:07:47','2025-08-07 07:07:47'),(74,98,230,'Tanbir Hossen','2025-08-01',NULL,'2025-08-07 07:07:47','2025-08-07 07:07:47'),(75,99,231,'Shimul Chowdhury','2025-08-01',NULL,'2025-08-07 07:07:47','2025-08-07 07:07:47'),(76,100,232,'Md. Hasanujjaman','2025-08-01',NULL,'2025-08-07 07:07:47','2025-08-07 07:07:47'),(77,101,233,'Md. Juwel','2025-08-01',NULL,'2025-08-07 07:07:47','2025-08-07 07:07:47'),(78,102,234,'Md. Mofizur Rahman','2025-08-01',NULL,'2025-08-07 07:07:47','2025-08-07 07:07:47'),(79,103,235,'A. H. Mamun','2025-08-01',NULL,'2025-08-07 07:07:47','2025-08-07 07:07:47'),(80,106,236,'Saira Khatun','2025-08-01',NULL,'2025-08-07 07:07:47','2025-08-07 07:07:47'),(81,109,237,'Md. Nurul Alam','2025-08-01',NULL,'2025-08-07 07:07:47','2025-08-07 07:07:47'),(82,113,238,'Read Shekh','2025-08-01',NULL,'2025-08-07 07:07:47','2025-08-07 07:07:47'),(83,114,239,'Pravash C Barua','2025-08-01',NULL,'2025-08-07 07:07:47','2025-08-07 07:07:47'),(84,116,240,'Farhana Akther','2025-08-01',NULL,'2025-08-07 07:07:47','2025-08-07 07:07:47'),(85,117,241,'Saimon Chisty','2025-08-01',NULL,'2025-08-07 07:07:47','2025-08-07 07:07:47'),(86,118,242,'Zahedul Islam Jahid','2025-08-01',NULL,'2025-08-07 07:07:47','2025-08-07 07:07:47'),(87,123,243,'Md. Ishak','2025-08-01',NULL,'2025-08-07 07:07:47','2025-08-07 07:07:47'),(88,124,244,'Raihan Akter','2025-08-01',NULL,'2025-08-07 07:07:47','2025-08-07 07:07:47'),(89,125,245,'Santanu Kar Chy.','2025-08-01',NULL,'2025-08-07 07:07:47','2025-08-07 07:07:47'),(90,126,246,'Mahfuzur Rahman','2025-08-01',NULL,'2025-08-07 07:07:47','2025-08-07 07:07:47'),(91,127,247,'Md. Ilias Hossain Khan','2025-08-01',NULL,'2025-08-07 07:07:47','2025-08-07 07:07:47'),(92,128,248,'Habibur Rahman','2025-08-01',NULL,'2025-08-07 07:07:47','2025-08-07 07:07:47'),(93,130,249,'Mohiuddin Ahmed','2025-08-01',NULL,'2025-08-07 07:07:47','2025-08-07 07:07:47'),(94,132,250,'Himel Ahmed','2025-08-01',NULL,'2025-08-07 07:07:47','2025-08-07 07:07:47'),(95,133,251,'Md. Jashim','2025-08-01',NULL,'2025-08-07 07:07:47','2025-08-07 07:07:47'),(96,134,252,'Md. Nasir Uddin','2025-08-01',NULL,'2025-08-07 07:07:47','2025-08-07 07:07:47'),(97,136,253,'MD Iqbal','2025-08-01',NULL,'2025-08-07 07:07:47','2025-08-07 07:07:47'),(98,140,254,'Nurul Islam (Sujon)','2025-08-01',NULL,'2025-08-07 07:07:47','2025-08-07 07:07:47'),(99,141,255,'Md Alauddin','2025-08-01',NULL,'2025-08-07 07:07:47','2025-08-07 07:07:47'),(100,142,256,'Abdur Razzak','2025-08-01',NULL,'2025-08-07 07:07:47','2025-08-07 07:07:47'),(101,145,257,'Ismail Hossan','2025-08-01',NULL,'2025-08-07 07:07:47','2025-08-07 07:07:47'),(102,147,258,'Jalal Ahmad','2025-08-01',NULL,'2025-08-07 07:07:47','2025-08-07 07:07:47'),(103,149,259,'Mohammad Abul Kalam','2025-08-01',NULL,'2025-08-07 07:07:47','2025-08-07 07:07:47'),(104,150,260,'Md. Mijanur Rahman','2025-08-01',NULL,'2025-08-07 07:07:47','2025-08-07 07:07:47'),(105,151,261,'Sumon Sen','2025-08-01',NULL,'2025-08-07 07:07:47','2025-08-07 07:07:47'),(106,152,262,'Omar Faruq','2025-08-01',NULL,'2025-08-07 07:07:47','2025-08-07 07:07:47'),(107,153,263,'Md. Kamal Hossain','2025-08-01',NULL,'2025-08-07 07:07:47','2025-08-07 07:07:47'),(108,157,264,'Siddik Mia','2025-08-01',NULL,'2025-08-07 07:07:47','2025-08-07 07:07:47'),(109,159,265,'Md. Masud','2025-08-01',NULL,'2025-08-07 07:07:47','2025-08-07 07:07:47'),(110,161,266,'Md Kamal Hossain','2025-08-01',NULL,'2025-08-07 07:07:47','2025-08-07 07:07:47'),(111,8,267,'Pranab Chowdhury','2025-08-01',NULL,'2025-08-07 07:07:47','2025-08-07 07:07:47');
/*!40000 ALTER TABLE `number_histories` ENABLE KEYS */;
UNLOCK TABLES;

--
-- Table structure for table `numbers`
--

DROP TABLE IF EXISTS `numbers`;
/*!40101 SET @saved_cs_client     = @@character_set_client */;
/*!50503 SET character_set_client = utf8mb4 */;
CREATE TABLE `numbers` (
  `id` bigint unsigned NOT NULL AUTO_INCREMENT,
  `number` varchar(255) COLLATE utf8mb4_unicode_ci NOT NULL,
  `status` enum('Active','Inhouse','Suspend','Inactive') COLLATE utf8mb4_unicode_ci NOT NULL DEFAULT 'Active',
  `created_at` timestamp NULL DEFAULT NULL,
  `updated_at` timestamp NULL DEFAULT NULL,
  PRIMARY KEY (`id`),
  UNIQUE KEY `numbers_number_unique` (`number`)
) ENGINE=InnoDB AUTO_INCREMENT=213 DEFAULT CHARSET=utf8mb4 COLLATE=utf8mb4_unicode_ci;
/*!40101 SET character_set_client = @saved_cs_client */;

--
-- Dumping data for table `numbers`
--

LOCK TABLES `numbers` WRITE;
/*!40000 ALTER TABLE `numbers` DISABLE KEYS */;
INSERT INTO `numbers` VALUES (1,'01711-720054','Active','2025-07-27 22:40:02','2025-07-27 23:52:09'),(2,'01729-220440','Active','2025-07-27 22:40:02','2025-07-29 22:48:18'),(3,'01713-121147','Active','2025-07-27 22:40:02','2025-07-28 23:45:27'),(4,'01711-722127','Active','2025-07-27 22:40:02','2025-07-27 22:40:02'),(5,'01713-147706','Active','2025-07-27 22:40:02','2025-07-27 22:40:02'),(6,'01711-747366','Active','2025-07-27 22:40:02','2025-07-27 22:40:02'),(7,'01711-790250','Active','2025-07-27 22:40:02','2025-07-27 22:40:02'),(8,'01713-147744','Active','2025-07-27 22:40:02','2025-07-27 22:40:02'),(10,'01404-408844','Active','2025-07-27 22:40:02','2025-07-27 22:40:02'),(11,'01404-408840','Suspend','2025-07-27 22:40:02','2025-07-29 23:16:15'),(12,'01404-408841','Active','2025-07-27 22:40:02','2025-07-27 22:40:02'),(13,'01404-408839','Active','2025-07-27 22:40:02','2025-07-27 22:40:02'),(14,'01404-408848','Suspend','2025-07-27 22:40:02','2025-07-29 23:22:12'),(15,'01404-408842','Active','2025-07-27 22:40:02','2025-07-27 22:40:02'),(16,'01404-408843','Active','2025-07-27 22:40:02','2025-07-27 22:40:02'),(17,'01404-408851','Active','2025-07-27 22:40:02','2025-07-27 22:40:02'),(18,'01404-408852','Active','2025-07-27 22:40:02','2025-07-27 22:40:02'),(19,'01404-408838','Active','2025-07-27 22:40:02','2025-07-27 22:40:02'),(20,'01404-408846','Active','2025-07-27 22:40:02','2025-07-27 22:40:02'),(21,'01404-408849','Active','2025-07-27 22:40:02','2025-07-27 22:40:02'),(22,'01404-408847','Active','2025-07-27 22:40:02','2025-07-27 22:40:02'),(23,'01404-408850','Active','2025-07-27 22:40:02','2025-07-27 22:40:02'),(24,'01404-408845','Active','2025-07-27 22:40:02','2025-07-27 22:40:02'),(25,'01404-405623','Active','2025-07-27 22:40:02','2025-07-27 22:40:02'),(26,'01404-408805','Active','2025-07-27 22:40:02','2025-07-27 22:40:02'),(27,'01404-408856','Active','2025-07-27 22:40:02','2025-07-27 22:40:02'),(28,'01404-405657','Active','2025-07-27 22:40:02','2025-07-27 22:40:02'),(29,'01404-408858','Active','2025-07-27 22:40:02','2025-07-27 22:40:02'),(30,'01404-408859','Active','2025-07-27 22:40:02','2025-07-27 22:40:02'),(31,'01404-408803','Active','2025-07-27 22:40:02','2025-07-27 22:40:02'),(32,'01404-408804','Active','2025-07-27 22:40:02','2025-07-27 22:40:02'),(33,'01404-405625','Active','2025-07-27 22:40:02','2025-07-27 22:40:02'),(34,'01404-408897','Active','2025-07-27 22:40:02','2025-07-27 22:40:02'),(35,'01404-408898','Active','2025-07-27 22:40:02','2025-07-27 22:40:02'),(36,'01404-408895','Active','2025-07-27 22:40:02','2025-07-27 22:40:02'),(37,'01404-408896','Active','2025-07-27 22:40:02','2025-07-27 22:40:02'),(38,'01404-405629','Active','2025-07-27 22:40:02','2025-07-27 22:40:02'),(39,'01404-405631','Active','2025-07-27 22:40:02','2025-07-27 22:40:02'),(40,'01404-405630','Active','2025-07-27 22:40:02','2025-07-27 22:40:02'),(41,'01404-405632','Active','2025-07-27 22:40:02','2025-07-27 22:40:02'),(42,'01404-405633','Suspend','2025-07-27 22:40:02','2025-07-31 06:06:40'),(43,'01404-408802','Suspend','2025-07-27 22:40:02','2025-07-31 06:12:08'),(44,'01404-408806','Active','2025-07-27 22:40:02','2025-07-27 22:40:02'),(45,'01404-408880','Active','2025-07-27 22:40:02','2025-07-27 22:40:02'),(46,'01404-408807','Suspend','2025-07-27 22:40:02','2025-07-31 04:44:08'),(47,'01404-408817','Suspend','2025-07-27 22:40:02','2025-07-31 04:48:38'),(48,'01404-408828','Active','2025-07-27 22:40:02','2025-07-27 22:40:02'),(49,'01404-408835','Suspend','2025-07-27 22:40:02','2025-07-31 05:28:24'),(50,'01404-408813','Active','2025-07-27 22:40:02','2025-07-27 22:40:02'),(51,'01404-408816','Suspend','2025-07-27 22:40:02','2025-07-30 03:02:51'),(52,'01404-408821','Active','2025-07-27 22:40:02','2025-07-27 22:40:02'),(53,'01404-408825','Active','2025-07-27 22:40:02','2025-07-27 22:40:02'),(55,'01404-408834','Suspend','2025-07-27 22:40:02','2025-07-31 05:28:05'),(56,'01404-408827','Active','2025-07-27 22:40:02','2025-07-27 22:40:02'),(57,'01404-408808','Active','2025-07-27 22:40:02','2025-07-27 22:40:02'),(58,'01404-408809','Active','2025-07-27 22:40:02','2025-07-27 22:40:02'),(60,'01404-408815','Inhouse','2025-07-27 22:40:02','2025-07-30 05:16:28'),(61,'01404-408818','Inhouse','2025-07-27 22:40:02','2025-07-31 04:49:17'),(62,'01404-408819','Suspend','2025-07-27 22:40:02','2025-07-31 04:49:48'),(63,'01404-408820','Suspend','2025-07-27 22:40:02','2025-07-31 04:50:12'),(64,'01404-408824','Active','2025-07-27 22:40:02','2025-07-27 22:40:02'),(65,'01404-408829','Inhouse','2025-07-27 22:40:02','2025-07-31 05:14:52'),(66,'01404-408831','Active','2025-07-27 22:40:02','2025-07-27 22:40:02'),(67,'01404-408836','Suspend','2025-07-27 22:40:02','2025-07-31 05:29:39'),(68,'01404-408812','Suspend','2025-07-27 22:40:02','2025-07-31 04:46:58'),(69,'01404-408823','Suspend','2025-07-27 22:40:02','2025-08-06 01:20:20'),(70,'01404-408826','Active','2025-07-27 22:40:02','2025-08-06 11:05:59'),(71,'01404-408837','Active','2025-07-27 22:40:02','2025-07-27 22:40:02'),(72,'01404-408884','Active','2025-07-27 22:40:02','2025-07-27 22:40:02'),(73,'01404-408883','Active','2025-07-27 22:40:02','2025-07-27 22:40:02'),(74,'01404-408867','Active','2025-07-27 22:40:02','2025-07-27 22:40:02'),(75,'01404-408811','Active','2025-07-27 22:40:02','2025-07-27 22:40:02'),(76,'01711-710080','Suspend','2025-07-27 22:40:03','2025-07-31 06:12:43'),(77,'01404-408800','Suspend','2025-07-27 22:40:03','2025-07-31 06:13:52'),(78,'01404-408801','Suspend','2025-07-27 22:40:03','2025-07-31 06:19:08'),(79,'01404-408894','Active','2025-07-27 22:40:03','2025-07-27 22:40:03'),(80,'01404-408892','Active','2025-07-27 22:40:03','2025-07-27 22:40:03'),(81,'01404-408893','Active','2025-07-27 22:40:03','2025-07-27 22:40:03'),(82,'01404-405624','Suspend','2025-07-27 22:40:03','2025-07-30 05:38:39'),(83,'01404-408877','Active','2025-07-27 22:40:03','2025-07-27 22:40:03'),(84,'01404-408860','Suspend','2025-07-27 22:40:03','2025-07-31 05:45:39'),(85,'01404-408854','Active','2025-07-27 22:40:03','2025-07-27 22:40:03'),(86,'01404-408853','Suspend','2025-07-27 22:40:03','2025-07-31 05:41:35'),(87,'01404-408830','Active','2025-07-27 22:40:03','2025-07-27 22:40:03'),(88,'01404-408855','Suspend','2025-07-27 22:40:03','2025-07-31 05:42:43'),(89,'01404-405692','Active','2025-07-27 22:40:03','2025-07-27 22:40:03'),(90,'01404-405694','Active','2025-07-27 22:40:03','2025-07-27 22:40:03'),(91,'01404-405695','Active','2025-07-27 22:40:03','2025-07-27 22:40:03'),(92,'01404-405687','Active','2025-07-27 22:40:03','2025-07-27 22:40:03'),(93,'01404-405691','Active','2025-07-27 22:40:03','2025-07-27 22:40:03'),(94,'01404-405686','Active','2025-07-27 22:40:03','2025-07-27 22:40:03'),(95,'01404-405688','Active','2025-07-27 22:40:03','2025-07-27 22:40:03'),(96,'01404-405689','Suspend','2025-07-27 22:40:03','2025-07-31 06:19:35'),(97,'01404-405690','Active','2025-07-27 22:40:03','2025-07-27 22:40:03'),(98,'01404-405693','Active','2025-07-27 22:40:03','2025-07-27 22:40:03'),(99,'01404-405696','Active','2025-07-27 22:40:03','2025-07-27 22:40:03'),(100,'01404-405697','Active','2025-07-27 22:40:03','2025-07-27 22:40:03'),(101,'01404-405698','Active','2025-07-27 22:40:03','2025-07-27 22:40:03'),(102,'01404-405699','Active','2025-07-27 22:40:03','2025-07-27 22:40:03'),(103,'01404-408861','Active','2025-07-27 22:40:03','2025-07-27 22:40:03'),(104,'01404-408879','Active','2025-07-27 22:40:03','2025-07-27 22:40:03'),(105,'01404-408862','Suspend','2025-07-27 22:40:03','2025-07-31 05:46:31'),(106,'01404-408866','Active','2025-07-27 22:40:03','2025-07-27 22:40:03'),(107,'01404-408872','Suspend','2025-07-27 22:40:03','2025-07-31 05:49:51'),(108,'01404-408863','Suspend','2025-07-27 22:40:03','2025-07-31 05:48:15'),(109,'01404-408885','Active','2025-07-27 22:40:03','2025-07-27 22:40:03'),(110,'01404-408874','Suspend','2025-07-27 22:40:03','2025-07-30 05:49:53'),(111,'01404-408889','Suspend','2025-07-27 22:40:03','2025-07-31 05:54:22'),(112,'01404-408899','Active','2025-07-27 22:40:03','2025-07-27 22:40:03'),(113,'01404-405626','Active','2025-07-27 22:40:03','2025-07-27 22:40:03'),(114,'01404-405628','Active','2025-07-27 22:40:03','2025-07-27 22:40:03'),(115,'01404-408878','Suspend','2025-07-27 22:40:03','2025-07-31 06:14:40'),(116,'01404-408864','Active','2025-07-27 22:40:03','2025-07-27 22:40:03'),(117,'01404-408873','Active','2025-07-27 22:40:03','2025-07-27 22:40:03'),(118,'01404-408886','Active','2025-07-27 22:40:03','2025-07-27 22:40:03'),(119,'01404-408875','Suspend','2025-07-27 22:40:03','2025-07-30 05:49:21'),(120,'01404-408890','Suspend','2025-07-27 22:40:03','2025-07-31 05:55:16'),(121,'01404-408865','Suspend','2025-07-27 22:40:03','2025-07-31 06:19:58'),(122,'01404-408870','Suspend','2025-07-27 22:40:03','2025-07-31 06:22:42'),(123,'01404-408869','Active','2025-07-27 22:40:03','2025-07-27 22:40:03'),(124,'01404-408868','Active','2025-07-27 22:40:03','2025-07-27 22:40:03'),(125,'01404-408871','Active','2025-07-27 22:40:03','2025-07-27 22:40:03'),(126,'01404-408887','Active','2025-07-27 22:40:03','2025-07-27 22:40:03'),(127,'01404-405627','Active','2025-07-27 22:40:03','2025-07-27 22:40:03'),(128,'01404-408876','Active','2025-07-27 22:40:03','2025-07-27 22:40:03'),(129,'01404-408891','Suspend','2025-07-27 22:40:03','2025-07-31 06:23:22'),(130,'01404-408881','Active','2025-07-27 22:40:03','2025-07-27 22:40:03'),(131,'01404-405641','Suspend','2025-07-27 22:40:03','2025-07-30 05:50:21'),(132,'01404-405640','Active','2025-07-27 22:40:03','2025-07-27 22:40:03'),(133,'01404-405658','Active','2025-07-27 22:40:03','2025-07-27 22:40:03'),(134,'01404-405661','Active','2025-07-27 22:40:03','2025-07-27 22:40:03'),(135,'01404-405666','Suspend','2025-07-27 22:40:03','2025-07-31 06:24:09'),(136,'01404-405667','Active','2025-07-27 22:40:03','2025-07-27 22:40:03'),(137,'01404-405668','Suspend','2025-07-27 22:40:03','2025-07-31 06:25:04'),(138,'01404-405669','Suspend','2025-07-27 22:40:03','2025-07-31 06:25:27'),(139,'01404-405670','Suspend','2025-07-27 22:40:03','2025-07-31 06:25:55'),(140,'01404-405672','Active','2025-07-27 22:40:03','2025-07-27 22:40:03'),(141,'01404-405673','Active','2025-07-27 22:40:03','2025-07-27 22:40:03'),(142,'01404-405659','Active','2025-07-27 22:40:03','2025-07-27 22:40:03'),(143,'01404-405678','Suspend','2025-07-27 22:40:03','2025-07-30 05:44:18'),(144,'01404-405660','Suspend','2025-07-27 22:40:03','2025-07-31 06:26:31'),(145,'01404-405662','Active','2025-07-27 22:40:03','2025-07-27 22:40:03'),(146,'01404-405664','Suspend','2025-07-27 22:40:03','2025-07-31 06:27:03'),(147,'01404-405665','Active','2025-07-27 22:40:03','2025-07-27 22:40:03'),(148,'01404-405675','Suspend','2025-07-27 22:40:03','2025-07-31 06:28:01'),(149,'01404-405676','Active','2025-07-27 22:40:03','2025-07-27 22:40:03'),(150,'01404-405679','Active','2025-07-27 22:40:03','2025-07-27 22:40:03'),(151,'01404-405681','Active','2025-07-27 22:40:03','2025-07-27 22:40:03'),(152,'01404-405674','Active','2025-07-27 22:40:03','2025-07-27 22:40:03'),(153,'01404-405671','Active','2025-07-27 22:40:03','2025-07-27 22:40:03'),(154,'01404-405677','Suspend','2025-07-27 22:40:03','2025-07-31 06:28:21'),(155,'01404-405601','Suspend','2025-07-27 22:40:03','2025-07-31 04:15:59'),(156,'01404-405604','Suspend','2025-07-27 22:40:03','2025-07-31 06:28:45'),(157,'01404-405605','Active','2025-07-27 22:40:03','2025-07-27 22:40:03'),(158,'01404-405650','Active','2025-07-27 22:40:03','2025-07-27 22:40:03'),(159,'01404-405600','Active','2025-07-27 22:40:03','2025-07-27 22:40:03'),(160,'01404-405602','Suspend','2025-07-27 22:40:03','2025-07-31 06:29:26'),(161,'01404-405603','Active','2025-07-27 22:40:03','2025-07-27 22:40:03'),(162,'01404-405606','Suspend','2025-07-27 22:40:03','2025-07-31 06:30:08'),(163,'01404-405607','Active','2025-07-27 22:40:03','2025-07-27 22:40:03'),(164,'01404-405608','Active','2025-07-27 22:40:03','2025-07-27 22:40:03'),(165,'01404-405609','Inhouse','2025-07-27 22:40:03','2025-07-31 06:17:07'),(167,'01404-405611','Suspend','2025-07-27 22:40:03','2025-07-30 05:46:50'),(169,'01404-405613','Suspend','2025-07-27 22:40:03','2025-07-30 05:37:29'),(171,'01404-405615','Suspend','2025-07-27 22:40:03','2025-07-30 05:37:47'),(176,'01404-405620','Suspend','2025-07-27 22:40:03','2025-07-30 05:38:03'),(178,'01404-405622','Suspend','2025-07-27 22:40:03','2025-07-30 05:38:24'),(179,'01404-405634','Suspend','2025-07-27 22:40:03','2025-07-30 05:39:04'),(180,'01404-405635','Suspend','2025-07-27 22:40:03','2025-07-30 05:39:25'),(181,'01404-405636','Suspend','2025-07-27 22:40:03','2025-07-30 05:47:59'),(182,'01404-405637','Suspend','2025-07-27 22:40:03','2025-07-30 05:37:13'),(183,'01404-405638','Suspend','2025-07-27 22:40:03','2025-07-30 05:39:48'),(184,'01404-405639','Suspend','2025-07-27 22:40:03','2025-07-30 05:40:37'),(185,'01404-405642','Suspend','2025-07-27 22:40:03','2025-07-30 05:41:14'),(186,'01404-405643','Suspend','2025-07-27 22:40:03','2025-07-30 05:40:54'),(187,'01404-405644','Suspend','2025-07-27 22:40:03','2025-07-30 05:41:31'),(188,'01404-405645','Suspend','2025-07-27 22:40:03','2025-07-30 05:41:50'),(189,'01404-405646','Suspend','2025-07-27 22:40:03','2025-07-30 05:42:06'),(190,'01404-405647','Suspend','2025-07-27 22:40:03','2025-07-30 05:47:23'),(191,'01404-405648','Suspend','2025-07-27 22:40:03','2025-07-30 05:47:04'),(192,'01404-405649','Suspend','2025-07-27 22:40:03','2025-07-30 05:42:28'),(193,'01404-405651','Suspend','2025-07-27 22:40:03','2025-07-30 05:42:46'),(194,'01404-405652','Suspend','2025-07-27 22:40:03','2025-07-30 05:43:00'),(195,'01404-405653','Suspend','2025-07-27 22:40:03','2025-07-30 05:43:20'),(196,'01404-405654','Suspend','2025-07-27 22:40:03','2025-07-30 05:48:16'),(197,'01404-405655','Suspend','2025-07-27 22:40:03','2025-07-30 05:43:35'),(198,'01404-405656','Suspend','2025-07-27 22:40:03','2025-07-30 05:43:51'),(199,'01404-405663','Suspend','2025-07-27 22:40:03','2025-07-30 05:44:03'),(200,'01404-405680','Suspend','2025-07-27 22:40:03','2025-07-30 05:44:30'),(201,'01404-405682','Suspend','2025-07-27 22:40:03','2025-07-30 05:44:43'),(202,'01404-405683','Suspend','2025-07-27 22:40:03','2025-07-31 06:16:17'),(203,'01404-405684','Suspend','2025-07-27 22:40:03','2025-07-30 05:34:13'),(204,'01404-405685','Suspend','2025-07-27 22:40:03','2025-07-30 05:44:56'),(205,'01404-408814','Suspend','2025-07-27 22:40:03','2025-07-31 04:47:37'),(206,'01404-408822','Suspend','2025-07-27 22:40:03','2025-07-31 04:51:04'),(207,'01404-408833','Suspend','2025-07-27 22:40:03','2025-07-31 06:15:40'),(208,'01404-408857','Suspend','2025-07-27 22:40:03','2025-07-30 05:49:37'),(209,'01404-408888','Suspend','2025-07-27 22:40:03','2025-07-30 05:50:06');
/*!40000 ALTER TABLE `numbers` ENABLE KEYS */;
UNLOCK TABLES;

--
-- Table structure for table `password_resets`
--

DROP TABLE IF EXISTS `password_resets`;
/*!40101 SET @saved_cs_client     = @@character_set_client */;
/*!50503 SET character_set_client = utf8mb4 */;
CREATE TABLE `password_resets` (
  `email` varchar(255) COLLATE utf8mb4_unicode_ci NOT NULL,
  `token` varchar(255) COLLATE utf8mb4_unicode_ci NOT NULL,
  `created_at` timestamp NULL DEFAULT NULL,
  PRIMARY KEY (`email`)
) ENGINE=InnoDB DEFAULT CHARSET=utf8mb4 COLLATE=utf8mb4_unicode_ci;
/*!40101 SET character_set_client = @saved_cs_client */;

--
-- Dumping data for table `password_resets`
--

LOCK TABLES `password_resets` WRITE;
/*!40000 ALTER TABLE `password_resets` DISABLE KEYS */;
/*!40000 ALTER TABLE `password_resets` ENABLE KEYS */;
UNLOCK TABLES;

--
-- Table structure for table `personal_access_tokens`
--

DROP TABLE IF EXISTS `personal_access_tokens`;
/*!40101 SET @saved_cs_client     = @@character_set_client */;
/*!50503 SET character_set_client = utf8mb4 */;
CREATE TABLE `personal_access_tokens` (
  `id` bigint unsigned NOT NULL AUTO_INCREMENT,
  `tokenable_type` varchar(255) COLLATE utf8mb4_unicode_ci NOT NULL,
  `tokenable_id` bigint unsigned NOT NULL,
  `name` varchar(255) COLLATE utf8mb4_unicode_ci NOT NULL,
  `token` varchar(64) COLLATE utf8mb4_unicode_ci NOT NULL,
  `abilities` text COLLATE utf8mb4_unicode_ci,
  `last_used_at` timestamp NULL DEFAULT NULL,
  `expires_at` timestamp NULL DEFAULT NULL,
  `created_at` timestamp NULL DEFAULT NULL,
  `updated_at` timestamp NULL DEFAULT NULL,
  PRIMARY KEY (`id`),
  UNIQUE KEY `personal_access_tokens_token_unique` (`token`),
  KEY `personal_access_tokens_tokenable_type_tokenable_id_index` (`tokenable_type`,`tokenable_id`)
) ENGINE=InnoDB DEFAULT CHARSET=utf8mb4 COLLATE=utf8mb4_unicode_ci;
/*!40101 SET character_set_client = @saved_cs_client */;

--
-- Dumping data for table `personal_access_tokens`
--

LOCK TABLES `personal_access_tokens` WRITE;
/*!40000 ALTER TABLE `personal_access_tokens` DISABLE KEYS */;
/*!40000 ALTER TABLE `personal_access_tokens` ENABLE KEYS */;
UNLOCK TABLES;

--
-- Table structure for table `staffs`
--

DROP TABLE IF EXISTS `staffs`;
/*!40101 SET @saved_cs_client     = @@character_set_client */;
/*!50503 SET character_set_client = utf8mb4 */;
CREATE TABLE `staffs` (
  `id` int NOT NULL AUTO_INCREMENT,
  `name` varchar(255) COLLATE utf8mb4_unicode_ci NOT NULL,
  `number_id` int DEFAULT NULL,
  `staff_id` varchar(255) COLLATE utf8mb4_unicode_ci DEFAULT NULL,
  `department_id` int DEFAULT NULL,
  `designation_id` int DEFAULT NULL,
  `company_id` int DEFAULT NULL,
  `status` enum('In-Service','Left') COLLATE utf8mb4_unicode_ci NOT NULL DEFAULT 'In-Service',
  `balance_limit` varchar(255) COLLATE utf8mb4_unicode_ci NOT NULL DEFAULT '500',
  `created_at` timestamp NULL DEFAULT NULL,
  `updated_at` timestamp NULL DEFAULT NULL,
  PRIMARY KEY (`id`)
) ENGINE=InnoDB AUTO_INCREMENT=272 DEFAULT CHARSET=utf8mb4 COLLATE=utf8mb4_unicode_ci;
/*!40101 SET character_set_client = @saved_cs_client */;

--
-- Dumping data for table `staffs`
--

LOCK TABLES `staffs` WRITE;
/*!40000 ALTER TABLE `staffs` DISABLE KEYS */;
INSERT INTO `staffs` VALUES (3,'Md. Shahed Kaiser',158,'205087',16,8,4,'In-Service','500','2023-12-09 04:59:36','2025-07-30 04:56:50'),(4,'Md Abu Bakar Siddique (Jiko)',48,'143329',16,2,4,'In-Service','1000','2023-12-10 04:13:30','2025-07-30 00:26:12'),(15,'Md. Nwimul Hasan',58,'202924',16,9,4,'In-Service','500','2023-12-10 04:26:19','2025-07-30 00:32:30'),(18,'Misbah Uddin Md. Faruk',57,'147448',16,9,4,'In-Service','500','2023-12-10 04:33:04','2025-07-30 00:31:57'),(21,'Abu Bakar Siddique (Bappy)',64,'185266',16,9,4,'In-Service','500','2023-12-10 04:38:18','2025-07-30 00:36:55'),(27,'Sajedur Rahman',53,'202923',16,11,4,'In-Service','500','2023-12-10 04:55:10','2025-07-30 00:29:20'),(30,'Ahammad Ullah',87,'158382',19,1,4,'In-Service','500','2023-12-10 04:59:30','2025-07-30 00:54:24'),(32,'Md. Fazlay Rabbi',56,'205883',16,8,4,'In-Service','500','2023-12-10 05:15:26','2025-07-30 00:31:03'),(34,'Mustafa Mahmud',1,'100001',9,12,4,'In-Service','500','2024-01-27 10:57:02','2025-07-28 05:17:07'),(48,'Rezaul Amin Forman',31,'100008',6,23,4,'In-Service','1000','2024-02-01 06:16:47','2025-07-29 23:37:57'),(49,'Kayes Mahmud',27,'100216',5,1,4,'In-Service','500','2024-02-05 12:43:54','2025-08-06 00:52:33'),(50,'Sajib Das',45,'205085',16,25,4,'In-Service','1000','2024-02-08 06:25:54','2025-07-30 00:25:28'),(52,'Aziz Uddin Ahammed',10,'10034',4,26,4,'In-Service','2000','2024-02-08 06:34:25','2025-07-29 23:30:04'),(53,'Md. Lokman Mia',85,'125385',18,1,4,'In-Service','500','2024-03-06 05:41:37','2025-07-30 01:00:03'),(54,'Muhammad Najmus Sakib Siraj',72,'202447',25,1,4,'In-Service','500','2024-03-19 07:50:14','2025-07-30 00:44:52'),(55,'Md.Shafiqul Islam',73,'125679',25,2,4,'In-Service','500','2024-03-19 07:52:01','2025-07-30 00:45:32'),(57,'Abdul Hafiz',83,'150083',10,1,4,'In-Service','500','2024-04-07 03:15:53','2025-07-28 03:40:12'),(58,'Md Omar Faruk',75,'10033',8,1,4,'In-Service','1000','2024-04-07 03:47:37','2025-07-30 00:48:44'),(59,'Salauddin Sakib',80,'10190',8,27,4,'In-Service','500','2024-04-07 04:03:07','2025-07-30 00:51:10'),(63,'Muhammad Naim Uddin',29,'205088',5,31,3,'In-Service','500','2024-04-20 03:44:31','2025-07-29 23:36:16'),(65,'Asif Ekram',112,'198542',12,29,2,'In-Service','500','2024-04-20 06:51:37','2025-07-30 02:47:38'),(67,'Golam Mostafa',104,'110885',27,2,1,'In-Service','500','2024-04-23 12:05:03','2025-07-30 01:02:17'),(151,'Md. Abu Hanif',34,'103270',6,2,4,'In-Service','500','2024-05-05 09:11:14','2025-07-29 23:41:13'),(153,'Md. Toaha Bin Amin',39,'10196',6,31,4,'In-Service','500','2024-05-05 09:13:17','2025-07-29 23:59:49'),(154,'Abu Jafor Md. Yousuf',36,'10041',6,2,4,'In-Service','800','2024-05-05 09:15:57','2025-07-29 23:57:46'),(155,'Md. Joinul Alam Morshed',38,'191453',6,31,4,'In-Service','500','2024-05-05 09:19:32','2025-07-29 23:59:08'),(156,'Shariar Kayum',37,'100225',6,24,4,'In-Service','500','2024-05-05 09:30:41','2025-07-29 23:58:39'),(157,'Palash Das',24,'100226',4,27,4,'In-Service','500','2024-05-05 09:41:07','2025-07-29 23:31:25'),(160,'Md. Ala Uddin',15,'10130',4,2,4,'In-Service','500','2024-05-05 09:50:35','2025-07-29 23:22:37'),(161,'Supon Mazumder',19,'10147',4,24,4,'In-Service','800','2024-05-05 09:52:15','2025-07-29 23:30:41'),(162,'Rezaul Amin',13,'162890',4,2,4,'In-Service','800','2024-05-05 09:59:25','2025-07-29 23:30:27'),(164,'Md. Monir Uddin',25,'100214',4,27,4,'In-Service','500','2024-05-05 10:04:54','2025-07-29 23:31:49'),(165,'Md. Whidul Islam',21,'100201',4,24,4,'In-Service','500','2024-05-05 10:05:57','2025-07-29 23:27:49'),(166,'Md. Anayet-e-rabbi',20,'10060',4,24,4,'In-Service','500','2024-05-05 10:08:49','2025-07-29 23:27:07'),(168,'K. A. Millad',3,'103252',9,35,4,'In-Service','1824','2024-06-09 10:43:32','2025-07-30 01:14:57'),(169,'Md. Mujibul Hoque Dewan',5,'110877',9,36,4,'In-Service','1000','2024-06-09 10:46:15','2025-07-30 01:15:48'),(170,'Saief Md. Mainul Hasan',26,'116940',7,25,4,'In-Service','1000','2024-06-09 11:20:38','2025-07-29 23:32:49'),(174,'Raiwatul Labib',79,'137899',10,31,2,'In-Service','500','2024-06-24 03:11:57','2025-07-30 01:09:45'),(190,'Pijush Chowdhury',22,'10009',4,31,4,'In-Service','500','2024-09-14 11:44:19','2025-07-29 23:28:10'),(192,'Md. Shah Newaz Rajin',163,'207800',16,11,4,'In-Service','500','2024-09-14 11:47:36','2025-07-30 01:19:46'),(193,'Didarul Alam',52,'207465',16,11,4,'In-Service','500','2024-09-14 11:49:18','2025-07-30 00:47:27'),(195,'Md. Shomrat Hossain',44,'210942',16,1,4,'In-Service','500','2024-12-05 04:57:26','2025-07-30 00:46:55'),(196,'Md Salauddin Aziz',16,'100235',4,24,4,'In-Service','500','2025-04-28 05:20:24','2025-07-30 00:19:57'),(199,'Mohammed Abu Jaher',17,'112900',4,24,1,'In-Service','500','2025-07-29 23:24:44','2025-07-29 23:53:37'),(200,'Burhan Uddin',18,'MB-173',4,24,3,'In-Service','500','2025-07-29 23:26:09','2025-07-29 23:53:21'),(201,'Abu Naser Md. Yasin',23,'110743',4,24,2,'In-Service','500','2025-07-29 23:29:46','2025-07-29 23:52:48'),(202,'Md. Arifur Rahman',28,'100143',5,24,1,'In-Service','800','2025-07-29 23:34:48','2025-07-31 06:05:55'),(203,'MD. Shah Emran Hossain',30,'133780',5,31,2,'In-Service','500','2025-07-29 23:36:58','2025-07-29 23:50:55'),(204,'Md. Torikul Alam Sujan',32,'10011',6,23,4,'In-Service','1500','2025-07-29 23:39:28','2025-07-29 23:50:29'),(205,'Md. Salauddin',33,'141335',6,1,1,'In-Service','1000','2025-07-29 23:40:37','2025-07-29 23:50:14'),(206,'Md. Mhamood-Un-Nabi',35,'159865',6,2,1,'In-Service','500','2025-07-29 23:48:59','2025-07-29 23:49:44'),(207,'Md. Abu Saleh',40,'165679',6,31,1,'In-Service','500','2025-07-30 00:00:49','2025-07-30 00:00:49'),(208,'Abdul Kader Mehedi',41,'210877',6,27,4,'In-Service','500','2025-07-30 00:18:03','2025-07-31 04:40:41'),(211,'Jahangir Alam',81,'10187',8,14,4,'In-Service','500','2025-07-30 00:53:15','2025-07-30 00:53:15'),(212,'Homaira Shams',2,NULL,9,38,1,'In-Service','000','2025-07-30 02:49:23','2025-07-30 02:49:23'),(213,'Shariful Alam',4,'100003',9,36,1,'In-Service','1025','2025-07-30 02:50:24','2025-07-30 02:50:24'),(214,'Fahima Akhter',6,'163854',9,36,1,'In-Service','756','2025-07-30 02:52:04','2025-07-30 02:52:04'),(215,'Mrs. Mourtoza ali',7,NULL,9,36,1,'In-Service','564','2025-07-30 02:53:04','2025-07-30 02:53:04'),(216,'Md. Nazim Uddin',12,'100231',4,31,4,'In-Service','500','2025-07-30 02:55:45','2025-07-30 02:55:45'),(217,'Shahariar Karim',50,'208403',16,9,4,'In-Service','500','2025-07-30 03:04:14','2025-07-30 03:04:14'),(218,'Md. Rana',66,'137043',13,27,2,'In-Service','500','2025-07-30 03:06:07','2025-07-30 03:34:09'),(219,'Alamgir Hosain',71,'209544',16,11,4,'In-Service','500','2025-07-30 03:20:48','2025-07-30 03:20:48'),(220,'Gazi Mahbub Hasan',74,'MD-1492',8,1,3,'In-Service','1000','2025-07-30 03:23:14','2025-07-30 03:23:14'),(221,'Masum Billah',89,'20006',29,31,5,'In-Service','500','2025-07-30 03:29:29','2025-07-30 03:29:29'),(222,'Rajib Kumar Mandal',164,'207386',16,11,4,'In-Service','500','2025-07-30 03:32:46','2025-07-30 03:32:46'),(223,'Salamat Ullah',90,'20005',29,31,5,'In-Service','1000','2025-07-30 03:37:08','2025-07-30 03:37:08'),(224,'Pijush Kanti Barua',91,'20007',29,31,5,'In-Service','500','2025-07-30 03:38:04','2025-07-30 03:38:04'),(225,'Nabab Uddin Faruque',92,'20004',29,31,5,'In-Service','500','2025-07-30 03:38:54','2025-07-30 03:38:54'),(226,'Mohiuddin',93,'20008',29,31,5,'In-Service','500','2025-07-30 03:40:00','2025-07-30 03:40:00'),(227,'Rasel Mohamad Farhad',94,'20016',29,31,5,'In-Service','300','2025-07-30 03:43:15','2025-07-30 03:43:15'),(228,'Mizanur Rahman',95,'20014',29,31,5,'In-Service','500','2025-07-30 03:44:30','2025-07-30 03:44:30'),(229,'Md. Abdus Samad',97,'100205',29,31,5,'In-Service','500','2025-07-30 03:45:36','2025-07-30 03:45:36'),(230,'Tanbir Hossen',98,'20022',29,31,5,'In-Service','500','2025-07-30 03:47:03','2025-07-30 03:47:21'),(231,'Shimul Chowdhury',99,'20017',29,31,5,'In-Service','500','2025-07-30 03:54:26','2025-07-30 03:54:26'),(232,'Md. Hasanujjaman',100,'20019',29,31,5,'In-Service','500','2025-07-30 03:55:14','2025-07-30 03:57:18'),(233,'Md. Juwel',101,'20020',29,31,5,'In-Service','500','2025-07-30 03:58:29','2025-07-30 03:58:29'),(234,'Md. Mofizur Rahman',102,'20012',29,31,5,'In-Service','500','2025-07-30 03:59:16','2025-07-30 03:59:16'),(235,'A. H. Mamun',103,'106975',7,1,1,'In-Service','1000','2025-07-30 04:00:17','2025-07-30 04:00:17'),(236,'Saira Khatun',106,'143328',7,24,3,'In-Service','500','2025-07-30 04:02:06','2025-07-30 04:02:06'),(237,'Md. Nurul Alam',109,'196974',25,31,2,'In-Service','500','2025-07-30 04:03:19','2025-07-30 04:03:19'),(238,'Read Shekh',113,'113150',21,10,2,'In-Service','500','2025-07-30 04:05:38','2025-07-30 04:05:38'),(239,'Pravash C Barua',114,'130808',30,1,2,'In-Service','500','2025-07-30 04:08:08','2025-07-30 04:08:08'),(240,'Farhana Akther',116,'120465',7,2,2,'In-Service','500','2025-07-30 04:12:55','2025-07-30 04:12:55'),(241,'Saimon Chisty',117,'124959',7,31,2,'In-Service','500','2025-07-30 04:14:41','2025-07-30 04:14:41'),(242,'Zahedul Islam Jahid',118,'123688',25,31,2,'In-Service','500','2025-07-30 04:15:29','2025-07-30 04:15:29'),(243,'Md. Ishak',123,NULL,30,1,3,'In-Service','500','2025-07-30 04:17:00','2025-07-30 04:17:00'),(244,'Raihan Akter',124,NULL,7,31,3,'In-Service','500','2025-07-30 04:30:45','2025-07-30 04:30:45'),(245,'Santanu Kar Chy.',125,NULL,7,31,3,'In-Service','500','2025-07-30 04:31:28','2025-07-30 04:31:28'),(246,'Mahfuzur Rahman',126,'17760',25,31,3,'In-Service','500','2025-07-30 04:32:26','2025-07-30 04:32:26'),(247,'Md. Ilias Hossain Khan',127,'132942',21,1,3,'In-Service','500','2025-07-30 04:33:28','2025-07-30 04:33:28'),(248,'Habibur Rahman',128,'190850',8,41,3,'In-Service','300','2025-07-30 04:36:21','2025-07-30 04:36:21'),(249,'Mohiuddin Ahmed',130,'10152',31,42,2,'In-Service','1000','2025-07-30 04:39:53','2025-07-30 04:39:53'),(250,'Himel Ahmed',132,'10168',31,42,2,'In-Service','500','2025-07-30 04:41:03','2025-07-30 04:41:03'),(251,'Md. Jashim',133,'117966',8,40,1,'In-Service','300','2025-07-30 04:54:00','2025-07-30 04:54:00'),(252,'Md. Nasir Uddin',134,'201698',8,40,1,'In-Service','300','2025-07-30 04:58:32','2025-07-30 04:58:32'),(253,'MD Iqbal',136,'190484',8,40,1,'In-Service','300','2025-07-30 04:59:13','2025-07-31 04:04:11'),(254,'Nurul Islam (Sujon)',140,'129867',8,40,1,'In-Service','300','2025-07-30 05:00:45','2025-07-30 05:00:45'),(255,'Md Alauddin',141,'190483',8,40,1,'In-Service','300','2025-07-30 05:01:45','2025-07-30 05:01:45'),(256,'Abdur Razzak',142,'10082',8,40,2,'In-Service','300','2025-07-30 05:02:35','2025-07-30 05:02:35'),(257,'Ismail Hossan',145,'129868',8,40,2,'In-Service','300','2025-07-30 05:03:31','2025-07-30 05:03:31'),(258,'Jalal Ahmad',147,'130632',8,40,2,'In-Service','300','2025-07-30 05:04:32','2025-07-30 05:04:32'),(259,'Mohammad Abul Kalam',149,'108781',8,40,2,'In-Service','300','2025-07-30 05:10:00','2025-07-30 05:10:00'),(260,'Md. Mijanur Rahman',150,'102964',8,40,2,'In-Service','300','2025-07-30 05:11:28','2025-07-30 05:11:28'),(261,'Sumon Sen',151,'126614',8,40,2,'In-Service','300','2025-07-30 05:25:12','2025-07-30 05:25:12'),(262,'Omar Faruq',152,'102582',8,40,2,'In-Service','300','2025-07-30 05:26:41','2025-07-30 05:26:41'),(263,'Md. Kamal Hossain',153,'188875',8,40,3,'In-Service','300','2025-07-30 05:27:55','2025-07-30 05:27:55'),(264,'Siddik Mia',157,NULL,8,40,1,'In-Service','300','2025-07-30 05:28:59','2025-07-30 05:28:59'),(265,'Md. Masud',159,'100229',8,40,3,'In-Service','300','2025-07-30 05:30:05','2025-07-30 05:30:05'),(266,'Md Kamal Hossain',161,'135530',8,40,2,'In-Service','300','2025-07-30 05:30:50','2025-07-30 05:30:50'),(267,'Pranab Chowdhury',8,'103263',9,29,1,'Left','3000','2025-07-31 06:08:38','2025-07-31 06:09:09'),(271,'Mohammad Arman',70,'199723',16,8,1,'In-Service','500','2025-08-06 11:05:59','2025-08-06 11:05:59');
/*!40000 ALTER TABLE `staffs` ENABLE KEYS */;
UNLOCK TABLES;

--
-- Table structure for table `users`
--

DROP TABLE IF EXISTS `users`;
/*!40101 SET @saved_cs_client     = @@character_set_client */;
/*!50503 SET character_set_client = utf8mb4 */;
CREATE TABLE `users` (
  `id` bigint unsigned NOT NULL AUTO_INCREMENT,
  `name` varchar(255) COLLATE utf8mb4_unicode_ci NOT NULL,
  `email` varchar(255) COLLATE utf8mb4_unicode_ci NOT NULL,
  `email_verified_at` timestamp NULL DEFAULT NULL,
  `password` varchar(255) COLLATE utf8mb4_unicode_ci NOT NULL,
  `remember_token` varchar(100) COLLATE utf8mb4_unicode_ci DEFAULT NULL,
  `created_at` timestamp NULL DEFAULT NULL,
  `updated_at` timestamp NULL DEFAULT NULL,
  PRIMARY KEY (`id`),
  UNIQUE KEY `users_email_unique` (`email`)
) ENGINE=InnoDB AUTO_INCREMENT=3 DEFAULT CHARSET=utf8mb4 COLLATE=utf8mb4_unicode_ci;
/*!40101 SET character_set_client = @saved_cs_client */;

--
-- Dumping data for table `users`
--

LOCK TABLES `users` WRITE;
/*!40000 ALTER TABLE `users` DISABLE KEYS */;
INSERT INTO `users` VALUES (1,'Faisal Hosen','faisal@fashion-product.com',NULL,'$2y$10$SpNYZ5t8lzxZACzwuA.8m.hsB8ZBWfAhdZijqd.q90UZ/LTq2YkN.','QTC0xZK357vSGAE9CR5cFRWhQyxN8GvbvCj65r6YOBDcRa6cC07Vh6rSWSH6','2025-07-27 22:18:21','2025-07-27 22:18:21'),(2,'ABDUL HAFIZ','hafiz@fashion-product.com',NULL,'$2y$10$rxkKbG2e6B.P/K0PCqMynu2X1BRRckO99OO1q6UjnLk2Sr5TQDM9G',NULL,'2025-07-27 22:21:00','2025-07-27 22:21:00');
/*!40000 ALTER TABLE `users` ENABLE KEYS */;
UNLOCK TABLES;
/*!40103 SET TIME_ZONE=@OLD_TIME_ZONE */;

/*!40101 SET SQL_MODE=@OLD_SQL_MODE */;
/*!40014 SET FOREIGN_KEY_CHECKS=@OLD_FOREIGN_KEY_CHECKS */;
/*!40014 SET UNIQUE_CHECKS=@OLD_UNIQUE_CHECKS */;
/*!40101 SET CHARACTER_SET_CLIENT=@OLD_CHARACTER_SET_CLIENT */;
/*!40101 SET CHARACTER_SET_RESULTS=@OLD_CHARACTER_SET_RESULTS */;
/*!40101 SET COLLATION_CONNECTION=@OLD_COLLATION_CONNECTION */;
/*!40111 SET SQL_NOTES=@OLD_SQL_NOTES */;

-- Dump completed on 2025-08-19  3:15:02
